source,target,status,type,verified_final_status,verified_hops
/index.html,/,301,static,200,1
/index,/,301,static,200,1
/warehouse-services/,/warehouse-services,301,static,200,1
/cross-docking/,/cross-docking,301,static,200,1
/contact-us/,/contact,301,static,200,1
/contact-us,/contact,301,static,200,1
/fine-art-installation-and-removal/,/fine-art-installation-removal,301,static,200,1
/safe-secure-art-storage/,/safe-secure-art-storage,301,static,200,1
/get-started/,/get-started,301,static,200,1
/careers/,/careers,301,static,200,1
/small-local-moves-and-storage/,/small-local-moves-and-storage,301,static,200,1
/convention-storage/,/convention-storage,301,static,200,1
/antiques-auctions/,/antiques-and-auctions,301,static,200,1
/our-history/,/our-history,301,static,200,1
/privacy-policy/,/privacy-policy,301,static,200,1
/alcohol-wine-whiskey/,/warehouse-services,301,static,200,1
/alcohol-wine-whiskey,/warehouse-services,301,static,200,1
/proper-professional-alcohol-and-liquor-storage/,/warehouse-services,301,static,200,1
/proper-professional-alcohol-and-liquor-storage,/warehouse-services,301,static,200,1
/warehouse-pallet-storage-racking/,/warehouse-services,301,static,200,1
/warehouse-pallet-storage-racking,/warehouse-services,301,static,200,1
/last-minute-holiday-shipping-las-vegas-nv/,/cross-docking,301,static,200,1
/last-minute-holiday-shipping-las-vegas-nv,/cross-docking,301,static,200,1
/2025-holiday-christmas-shipping-deadlines/,/cross-docking,301,static,200,1
/2025-holiday-christmas-shipping-deadlines,/cross-docking,301,static,200,1
/choosing-the-right-crate-design-materials/,/blog-fine-art-storage-tips,301,static,200,1
/choosing-the-right-crate-design-materials,/blog-fine-art-storage-tips,301,static,200,1
/renting-a-professional-warehouse-what-to-know/,/warehouse-storage-near-me-las-vegas,301,static,200,1
/renting-a-professional-warehouse-what-to-know,/warehouse-storage-near-me-las-vegas,301,static,200,1
/advanced-crate-fabrication/,/safe-secure-art-storage,301,static,200,1
/advanced-crate-fabrication,/safe-secure-art-storage,301,static,200,1
/unlocking-efficiency-convention-and-trade-show-storage/,/convention-storage,301,static,200,1
/unlocking-efficiency-convention-and-trade-show-storage,/convention-storage,301,static,200,1
/custom-wine-storage/,/warehouse-services,301,static,200,1
/custom-wine-storage,/warehouse-services,301,static,200,1
/art-courier-transportation-examples/,/fine-art-installation-removal,301,static,200,1
/art-courier-transportation-examples,/fine-art-installation-removal,301,static,200,1
/feed/,/blog,301,static,200,1
/feed,/blog,301,static,200,1
/comments/feed/,/blog,301,static,200,1
/alcohol-wine-whiskey/feed/,/warehouse-services,301,static,200,1
/proper-professional-alcohol-and-liquor-storage/feed/,/warehouse-services,301,static,200,1
/warehouse-pallet-storage-racking/feed/,/warehouse-services,301,static,200,1
/last-minute-holiday-shipping-las-vegas-nv/feed/,/cross-docking,301,static,200,1
/2025-holiday-christmas-shipping-deadlines/feed/,/cross-docking,301,static,200,1
/choosing-the-right-crate-design-materials/feed/,/blog-fine-art-storage-tips,301,static,200,1
/advanced-crate-fabrication/feed/,/safe-secure-art-storage,301,static,200,1
/unlocking-efficiency-convention-and-trade-show-storage/feed/,/convention-storage,301,static,200,1
/renting-a-professional-warehouse-what-to-know/feed/,/warehouse-storage-near-me-las-vegas,301,static,200,1
/custom-wine-storage/feed/,/warehouse-services,301,static,200,1
/art-courier-transportation-examples/feed/,/fine-art-installation-removal,301,static,200,1
/warehouse-services/feed/,/warehouse-services,301,static,200,1
/warehouse-services/feed,/warehouse-services,301,static,200,1
/safe-secure-art-storage/feed/,/safe-secure-art-storage,301,static,200,1
/safe-secure-art-storage/feed,/safe-secure-art-storage,301,static,200,1
/fine-art-installation-removal/feed/,/fine-art-installation-removal,301,static,200,1
/fine-art-installation-removal/feed,/fine-art-installation-removal,301,static,200,1
/antiques-and-auctions/feed/,/antiques-and-auctions,301,static,200,1
/antiques-and-auctions/feed,/antiques-and-auctions,301,static,200,1
/convention-storage/feed/,/convention-storage,301,static,200,1
/convention-storage/feed,/convention-storage,301,static,200,1
/cross-docking/feed/,/cross-docking,301,static,200,1
/cross-docking/feed,/cross-docking,301,static,200,1
/small-local-moves-and-storage/feed/,/small-local-moves-and-storage,301,static,200,1
/small-local-moves-and-storage/feed,/small-local-moves-and-storage,301,static,200,1
/get-started/feed/,/get-started,301,static,200,1
/get-started/feed,/get-started,301,static,200,1
/blog/feed/,/blog,301,static,200,1
/blog/feed,/blog,301,static,200,1
/blog-types-of-warehouse-storage-facilities/feed/,/blog-types-of-warehouse-storage-facilities,301,static,200,1
/blog-types-of-warehouse-storage-facilities/feed,/blog-types-of-warehouse-storage-facilities,301,static,200,1
/blog-what-is-warehouse-storage/feed/,/blog-what-is-warehouse-storage,301,static,200,1
/blog-what-is-warehouse-storage/feed,/blog-what-is-warehouse-storage,301,static,200,1
/warehouse-storage-near-me-las-vegas/feed/,/warehouse-storage-near-me-las-vegas,301,static,200,1
/warehouse-storage-near-me-las-vegas/feed,/warehouse-storage-near-me-las-vegas,301,static,200,1
/blog-choosing-warehouse-storage/feed/,/blog-choosing-warehouse-storage,301,static,200,1
/blog-choosing-warehouse-storage/feed,/blog-choosing-warehouse-storage,301,static,200,1
/blog-fine-art-storage-tips/feed/,/blog-fine-art-storage-tips,301,static,200,1
/blog-fine-art-storage-tips/feed,/blog-fine-art-storage-tips,301,static,200,1
/blog-las-vegas-fulfillment-hub/feed/,/blog-las-vegas-fulfillment-hub,301,static,200,1
/blog-las-vegas-fulfillment-hub/feed,/blog-las-vegas-fulfillment-hub,301,static,200,1
/our-history/feed/,/our-history,301,static,200,1
/our-history/feed,/our-history,301,static,200,1
/careers/feed/,/careers,301,static,200,1
/careers/feed,/careers,301,static,200,1
/contact/feed/,/contact,301,static,200,1
/contact/feed,/contact,301,static,200,1
/privacy-policy/feed/,/privacy-policy,301,static,200,1
/privacy-policy/feed,/privacy-policy,301,static,200,1
/:slug/feed/,/blog,301,dynamic,200,1
/:slug/feed,/blog,301,dynamic,200,1
/embed/index.html,/,301,static,200,1
/embed/contact.html,/contact,301,static,200,1
/embed/get-started.html,/get-started,301,static,200,1
/embed/warehouse-services.html,/warehouse-services,301,static,200,1
/embed/safe-secure-art-storage.html,/safe-secure-art-storage,301,static,200,1
/embed/convention-storage.html,/convention-storage,301,static,200,1
/embed/cross-docking.html,/cross-docking,301,static,200,1
/embed/small-local-moves-and-storage.html,/small-local-moves-and-storage,301,static,200,1
/author/*,/blog,301,dynamic,200,1
/category/*,/blog,301,dynamic,200,1
/tag/*,/blog,301,dynamic,200,1
/project/vintage-slot-machines-games/,/antiques-and-auctions,301,static,200,1
/project/vintage-slot-machines-games,/antiques-and-auctions,301,static,200,1
/project/vintage-slot-machines-games/feed/,/antiques-and-auctions,301,static,200,1
/project/leonardo-davinci/,/safe-secure-art-storage,301,static,200,1
/project/leonardo-davinci,/safe-secure-art-storage,301,static,200,1
/project/leonardo-davinci/feed/,/safe-secure-art-storage,301,static,200,1
/project/*,/warehouse-services,301,dynamic,200,1
/sitemap_index.xml,/sitemap.xml,301,static,200,1
/wp-sitemap.xml,/sitemap.xml,301,static,200,1
/page-sitemap.xml,/sitemap.xml,301,static,200,1
/post-sitemap.xml,/sitemap.xml,301,static,200,1
